,index,importance
0,species,0.3290879129295413
1,precip,0.2512847011401737
2,co3,0.08712052085240193
3,p,0.05493503001137427
4,mo,0.03753399662830308
5,random_noise,0.030749076744810776
6,salinity,0.03035971521906151
7,cn,0.028117212451614425
8,k,0.026698640496805492
9,c,0.024308533211114616
10,cl,0.021680998037268015
11,ca,0.01989059551468348
12,na,0.01944109498124664
13,mg,0.017483684164058412
14,ph,0.01678331658968493
15,n,0.0045249710278574455
